record,detector,channel,reference_beat_count,detected_count,TP,FP,FN,sensitivity,ppv,f1,fp_per_hour,fn_per_hour,median_timing_error_ms,iqr_timing_error_ms,p95_timing_error_ms
100,Firmware replay Pan-Tompkins port,MLII,2273,2271,2271,0,2,0.9991201055873296,1.0,0.9995598591549296,0.0,3.9876923076923076,42.222222222335404,64.33333333337998,110.1111111111095
101,Firmware replay Pan-Tompkins port,MLII,1865,1868,1863,5,2,0.9989276139410188,0.9973233404710921,0.9981248325743369,9.96923076923077,3.9876923076923076,48.77777777778647,4.111111111242849,118.0999999999983
102,Firmware replay Pan-Tompkins port,V5,2187,2186,2186,0,1,0.9995427526291724,1.0,0.999771324033844,0.0,1.9938461538461538,134.88888888889505,46.666666666624224,140.2222222222207
103,Firmware replay Pan-Tompkins port,MLII,2084,2079,2079,0,5,0.9976007677543186,1.0,0.9987989430699015,0.0,9.96923076923077,109.66666666672609,71.6111111111104,115.44444444444935
104,Firmware replay Pan-Tompkins port,V5,2229,2245,2227,18,2,0.9991027366532077,0.9919821826280624,0.9955297273133661,35.88923076923077,3.9876923076923076,86.99999999998909,81.77777777774509,140.44444444448345
105,Firmware replay Pan-Tompkins port,MLII,2572,2598,2564,34,8,0.9968895800933126,0.9869130100076983,0.9918762088974855,67.79076923076923,15.95076923076923,52.555555555613864,70.00000000005002,121.8888888888614
106,Firmware replay Pan-Tompkins port,MLII,2027,2024,2021,3,6,0.9970399605328071,0.9985177865612648,0.9977783263391755,5.981538461538461,11.963076923076922,45.555555555665705,64.44444444446162,112.99999999999955
107,Firmware replay Pan-Tompkins port,MLII,2137,2132,2119,13,18,0.9915769770706598,0.9939024390243902,0.9927383462169126,25.919999999999998,35.88923076923077,130.7777777777801,62.66666666664378,135.6666666666797
108,Firmware replay Pan-Tompkins port,MLII,1763,2110,1355,755,408,0.7685762904140669,0.6421800947867299,0.6997159824425511,1505.3538461538462,813.4892307692307,100.11111111111859,63.94444444440239,145.99999999995816
109,Firmware replay Pan-Tompkins port,MLII,2532,2527,2526,1,6,0.9976303317535545,0.999604273842501,0.9986163273374185,1.9938461538461538,11.963076923076922,108.66666666666447,2.9999999999290594,112.1111111110622
111,Firmware replay Pan-Tompkins port,MLII,2124,2123,2123,0,1,0.9995291902071564,1.0,0.9997645396750647,0.0,1.9938461538461538,90.88888888891233,6.16666666655874,96.55555555559658
112,Firmware replay Pan-Tompkins port,MLII,2539,2538,2538,0,1,0.9996061441512406,1.0,0.9998030332873744,0.0,1.9938461538461538,40.500000000065484,52.777777777919255,98.34999999999356
113,Firmware replay Pan-Tompkins port,MLII,1795,1793,1793,0,2,0.9988857938718663,1.0,0.9994425863991081,0.0,3.9876923076923076,100.11111111111859,63.11111111097034,106.66666666656965
114,Firmware replay Pan-Tompkins port,MLII,1879,1879,1877,2,2,0.9989356040447046,0.9989356040447046,0.9989356040447046,3.9876923076923076,3.9876923076923076,107.11111111118043,3.8888888889232476,110.99999999987631
115,Firmware replay Pan-Tompkins port,MLII,1953,1952,1952,0,1,0.9994879672299027,1.0,0.9997439180537773,0.0,1.9938461538461538,102.1111111110713,6.999999999948159,125.5555555555734
116,Firmware replay Pan-Tompkins port,MLII,2412,2387,2385,2,27,0.9888059701492538,0.9991621281943862,0.9939570743904981,3.9876923076923076,53.83384615384615,43.11111111110222,60.444444444442524,115.0000000000091
117,Firmware replay Pan-Tompkins port,MLII,1535,1535,1535,0,0,1.0,1.0,1.0,0.0,0.0,23.333333333312112,49.88888888899279,79.77777777776964
118,Firmware replay Pan-Tompkins port,MLII,2278,2277,2277,0,1,0.9995610184372257,1.0,0.9997804610318332,0.0,1.9938461538461538,100.7777777776937,80.77777777771189,128.1111111111386
119,Firmware replay Pan-Tompkins port,MLII,1987,1987,1986,1,1,0.9994967287367891,0.9994967287367891,0.9994967287367891,1.9938461538461538,1.9938461538461538,43.22222222219807,76.52777777767028,120.66666666668624
121,Firmware replay Pan-Tompkins port,MLII,1863,1861,1861,0,2,0.9989264626945786,1.0,0.9994629430719656,0.0,3.9876923076923076,51.888888888896645,60.99999999992178,114.44444444444457
122,Firmware replay Pan-Tompkins port,MLII,2476,2475,2475,0,1,0.9995961227786753,1.0,0.9997980206018987,0.0,1.9938461538461538,44.33333333332712,44.77777777776737,109.55555555557055
123,Firmware replay Pan-Tompkins port,MLII,1518,1514,1514,0,4,0.997364953886693,1.0,0.9986807387862797,0.0,7.975384615384615,98.33333333335759,68.11111111117896,128.55555555559874
124,Firmware replay Pan-Tompkins port,MLII,1619,1619,1613,6,6,0.9962940086473132,0.9962940086473132,0.9962940086473132,11.963076923076922,11.963076923076922,93.55555555544015,48.77777777784331,107.4444444443543
200,Firmware replay Pan-Tompkins port,MLII,2601,2600,2595,5,6,0.9976931949250288,0.9980769230769231,0.9978850221111324,9.96923076923077,11.963076923076922,96.77777777778829,64.8888888889072,121.22222222205892
201,Firmware replay Pan-Tompkins port,MLII,1963,1907,1891,16,72,0.9633214467651554,0.9916098584163607,0.9772609819121446,31.90153846153846,143.55692307692308,108.77777777777453,68.61111111106766,122.11111111108153
202,Firmware replay Pan-Tompkins port,MLII,2136,2127,2119,8,17,0.9920411985018727,0.996238834038552,0.9941355852685902,15.95076923076923,33.895384615384614,110.1111111111095,65.99999999988881,115.99999999998545
203,Firmware replay Pan-Tompkins port,MLII,2980,2929,2889,40,91,0.9694630872483222,0.9863434619324002,0.9778304281604333,79.75384615384615,181.44,99.33333333333394,60.11111111111589,117.11111111114576
205,Firmware replay Pan-Tompkins port,MLII,2656,2648,2648,0,8,0.9969879518072289,1.0,0.9984917043740573,0.0,15.95076923076923,42.55555555562296,5.888888888833321,105.96111111111101
207,Firmware replay Pan-Tompkins port,MLII,1860,2083,1843,240,17,0.9908602150537634,0.8847815650504081,0.9348212021303576,478.5230769230769,33.895384615384614,108.33333333334849,50.6111111110954,114.555555555512
208,Firmware replay Pan-Tompkins port,MLII,2955,2918,2729,189,226,0.9235194585448393,0.935229609321453,0.9293376468585051,376.8369230769231,450.60923076923075,45.000000000015916,63.00000000000239,139.5111111111646
209,Firmware replay Pan-Tompkins port,MLII,3005,3005,3005,0,0,1.0,1.0,1.0,0.0,0.0,93.33333333324845,60.333333333574046,107.31111111103925
210,Firmware replay Pan-Tompkins port,MLII,2650,2625,2613,12,37,0.9860377358490566,0.9954285714285714,0.9907109004739337,23.926153846153845,73.77230769230769,113.1111111110954,69.88888888884048,121.11111111107675
212,Firmware replay Pan-Tompkins port,MLII,2748,2748,2748,0,0,1.0,1.0,1.0,0.0,0.0,40.00000000007731,2.7777777778510426,43.55555555554247
213,Firmware replay Pan-Tompkins port,MLII,3251,3246,3238,8,13,0.996001230390649,0.9975354282193469,0.9967677389564413,15.95076923076923,25.919999999999998,40.44444444434703,2.777777777822621,74.79444444450105
214,Firmware replay Pan-Tompkins port,MLII,2262,2257,2257,0,5,0.997789566755084,1.0,0.9988935605222394,0.0,9.96923076923077,108.88888888882775,62.666666666665094,116.44444444448254
215,Firmware replay Pan-Tompkins port,MLII,3363,3361,3361,0,2,0.9994052928932501,1.0,0.9997025580011898,0.0,3.9876923076923076,94.44444444443434,12.11111111115315,125.22222222230539
217,Firmware replay Pan-Tompkins port,MLII,2208,2202,2200,2,8,0.9963768115942029,0.9990917347865577,0.997732426303855,3.9876923076923076,15.95076923076923,112.33333333348128,22.249999999985448,120.33888888887671
219,Firmware replay Pan-Tompkins port,MLII,2154,2149,2148,1,6,0.9972144846796658,0.9995346672871103,0.9983732279804788,1.9938461538461538,11.963076923076922,110.3333333333012,25.527777777767824,117.999999999995
220,Firmware replay Pan-Tompkins port,MLII,2048,2047,2047,0,1,0.99951171875,1.0,0.9997557997557998,0.0,1.9938461538461538,99.00000000004638,66.8888888888084,111.74444444444588
221,Firmware replay Pan-Tompkins port,MLII,2427,2420,2417,3,10,0.9958796868562011,0.9987603305785124,0.9973179286156385,5.981538461538461,19.93846153846154,112.1111111110622,44.77777777773895,119.77777777781284
222,Firmware replay Pan-Tompkins port,MLII,2483,2485,2480,5,3,0.9987917841320982,0.9979879275653923,0.9983896940418678,9.96923076923077,5.981538461538461,40.33333333335065,8.888888888925806,106.33333333317978
223,Firmware replay Pan-Tompkins port,MLII,2605,2603,2599,4,6,0.9976967370441459,0.9984633115635805,0.9980798771121351,7.975384615384615,11.963076923076922,102.55555555556839,64.55555555567116,112.34444444457948
228,Firmware replay Pan-Tompkins port,MLII,2053,1364,1343,21,710,0.654164637116415,0.9846041055718475,0.7860696517412936,41.87076923076923,1415.6307692307691,47.11111111100763,53.888888888906195,105.7333333333417
230,Firmware replay Pan-Tompkins port,MLII,2256,2255,2255,0,1,0.9995567375886525,1.0,0.9997783196630459,0.0,1.9938461538461538,91.2222222220862,8.777777777822848,125.36666666661628
231,Firmware replay Pan-Tompkins port,MLII,1571,1570,1570,0,1,0.9993634627625716,1.0,0.9996816300541229,0.0,1.9938461538461538,94.05555555557044,54.77777777785775,125.94999999998322
232,Firmware replay Pan-Tompkins port,MLII,1780,1693,1685,8,95,0.9466292134831461,0.9952746603662138,0.9703426432479124,15.95076923076923,189.41538461538462,111.6666666666788,87.66666666679157,135.3333333333694
233,Firmware replay Pan-Tompkins port,MLII,3079,3073,3070,3,9,0.9970769730431959,0.9990237552879921,0.9980494148244473,5.981538461538461,17.944615384615386,47.33333333331302,4.444444444423823,98.73888888891989
234,Firmware replay Pan-Tompkins port,MLII,2753,2751,2751,0,2,0.9992735197965855,1.0,0.9996366279069768,0.0,3.9876923076923076,43.22222222219807,3.1111111109112244,46.77777777783376
100,Hamilton,MLII,2273,2272,2272,0,1,0.9995600527936648,1.0,0.9997799779977998,0.0,1.9938461538461538,59.55555555556202,29.666666666798847,62.888888888892325
101,Hamilton,MLII,1865,1868,1864,4,1,0.9994638069705094,0.9978586723768736,0.9986605946959549,7.975384615384615,1.9938461538461538,61.222222222227174,2.777777777623669,63.88888888888893
102,Hamilton,V5,2187,2187,2187,0,0,1.0,1.0,1.0,0.0,0.0,52.666666666709716,19.11111111110131,61.11111111113132
103,Hamilton,MLII,2084,2081,2080,1,4,0.9980806142034548,0.9995194617972128,0.9987995198079231,1.9938461538461538,7.975384615384615,61.2222222222254,2.2222222222580967,63.88888888886868
104,Hamilton,V5,2229,2240,2214,26,15,0.9932705248990579,0.9883928571428572,0.9908256880733946,51.839999999999996,29.907692307692308,56.555555555632964,26.55555555548972,68.70555555555596
105,Hamilton,MLII,2572,2594,2556,38,16,0.9937791601866252,0.9853508095605242,0.9895470383275261,75.76615384615384,31.90153846153846,56.33333333332757,24.777777777899246,68.77777777777828
106,Hamilton,MLII,2027,1989,1982,7,45,0.9777997039960533,0.9964806435394671,0.9870517928286853,13.956923076923077,89.72307692307692,35.222222222245136,30.611111111056744,80.66666666672972
107,Hamilton,MLII,2137,2125,2125,0,12,0.9943846513804399,1.0,0.9971844204598779,0.0,23.926153846153845,46.666666666666856,3.3333333334439885,52.222222222098935
108,Hamilton,MLII,1763,2083,1221,862,542,0.6925694838343732,0.586173787806049,0.6349453978159127,1718.6953846153847,1080.6646153846154,116.88888888886595,40.3333333332796,147.55555555552746
109,Hamilton,MLII,2532,2527,2527,0,5,0.9980252764612955,1.0,0.9990116623838704,0.0,9.96923076923077,36.55555555555168,2.5555555553182785,39.8888888889644
111,Hamilton,MLII,2124,2125,2123,2,1,0.9995291902071564,0.9990588235294118,0.9992939515180043,3.9876923076923076,1.9938461538461538,31.77777777796109,5.222222222286632,66.54444444444215
112,Hamilton,MLII,2539,2539,2539,0,0,1.0,1.0,1.0,0.0,0.0,65.00000000005457,2.5555555555509812,67.66666666658239
113,Hamilton,MLII,1795,1795,1793,2,2,0.9988857938718663,0.9988857938718663,0.9988857938718663,3.9876923076923076,3.9876923076923076,62.88888888866495,2.444444444478222,65.22222222224627
114,Hamilton,MLII,1879,1880,1878,2,1,0.9994678020223523,0.9989361702127659,0.9992019154030326,3.9876923076923076,1.9938461538461538,37.944444444406145,39.66666666656238,80.66666666672972
115,Hamilton,MLII,1953,2011,1934,77,19,0.9902713773681515,0.9617105917454003,0.9757820383451059,153.52615384615385,37.88307692307692,63.666666666676974,2.4444444443361135,67.00000000000728
116,Hamilton,MLII,2412,2390,2385,5,27,0.9888059701492538,0.997907949790795,0.9933361099541858,9.96923076923077,53.83384615384615,62.888888888892325,2.777777777737356,66.00000000003092
117,Hamilton,MLII,1535,1561,1491,70,44,0.9713355048859935,0.9551569506726457,0.9631782945736435,139.56923076923076,87.72923076923077,49.55555555557112,94.66666666662604,145.99999999997237
118,Hamilton,MLII,2278,2278,2278,0,0,1.0,1.0,1.0,0.0,0.0,83.55555555556293,10.41666666660035,86.90555555565426
119,Hamilton,MLII,1987,1988,1987,1,0,1.0,0.9994969818913481,0.999748427672956,1.9938461538461538,0.0,60.333333333232986,27.333333333217524,63.77777777788651
121,Hamilton,MLII,1863,1865,1860,5,3,0.998389694041868,0.9973190348525469,0.9978540772532188,9.96923076923077,5.981538461538461,38.444444444479586,34.305555555647516,80.11111111110836
122,Hamilton,MLII,2476,2476,2476,0,0,1.0,1.0,1.0,0.0,0.0,51.11111111114042,22.333333333449445,78.77777777775918
123,Hamilton,MLII,1518,1518,1510,8,8,0.994729907773386,0.994729907773386,0.994729907773386,15.95076923076923,15.95076923076923,63.88888888886868,2.22222222214441,66.28333333326282
124,Hamilton,MLII,1619,1609,1608,1,11,0.9932056825200741,0.9993784959602238,0.9962825278810409,1.9938461538461538,21.932307692307692,36.00000000005821,2.777777777623669,77.99999999997453
200,Hamilton,MLII,2601,2595,2594,1,7,0.9973087274125336,0.9996146435452794,0.9984603541185527,1.9938461538461538,13.956923076923077,64.8888888890724,29.999999999972715,77.99999999997453
201,Hamilton,MLII,1963,1893,1893,0,70,0.9643402954661233,1.0,0.9818464730290457,0.0,139.56923076923076,64.00000000007822,4.1111111110865295,69.88888888895417
202,Hamilton,MLII,2136,2123,2121,2,15,0.9929775280898876,0.999057936881771,0.9960084526884245,3.9876923076923076,29.907692307692308,65.88888888882138,33.444444444512555,79.22222222236996
203,Hamilton,MLII,2980,2914,2906,8,74,0.9751677852348993,0.997254632807138,0.986087546657618,15.95076923076923,147.54461538461538,35.22222222227356,7.333333333349401,79.55555555554383
205,Hamilton,MLII,2656,2645,2644,1,12,0.9954819277108434,0.9996219281663516,0.9975476325221657,1.9938461538461538,23.926153846153845,61.1111111111029,3.444444444518524,64.11111111128776
207,Hamilton,MLII,1860,2013,1830,183,30,0.9838709677419355,0.9090909090909091,0.9450038729666924,364.87384615384616,59.815384615384616,36.88888888893871,2.888888888890051,62.19444444444517
208,Hamilton,MLII,2955,2132,2129,3,826,0.7204737732656514,0.9985928705440901,0.837035580892471,5.981538461538461,1646.916923076923,61.88888888888755,21.44444444448368,96.40000000003964
209,Hamilton,MLII,3005,3006,3004,2,1,0.9996672212978369,0.9993346640053227,0.9995009149891866,3.9876923076923076,1.9938461538461538,63.00000000010186,2.5555555556024956,65.77777777783922
210,Hamilton,MLII,2650,2560,2558,2,92,0.9652830188679246,0.99921875,0.9819577735124759,3.9876923076923076,183.43384615384616,64.44444444434794,4.4444444445161935,79.44444444446503
212,Hamilton,MLII,2748,2749,2747,2,1,0.9996360989810772,0.9992724627137141,0.9994542477715117,3.9876923076923076,1.9938461538461538,64.44444444446162,4.222222222097116,97.66666666666879
213,Hamilton,MLII,3251,3235,3235,0,16,0.9950784374038757,1.0,0.9975331483194573,0.0,31.90153846153846,62.111111111107675,3.1111111110249112,65.11111111105379
214,Hamilton,MLII,2262,2257,2255,2,7,0.9969053934571176,0.999113867966327,0.998008408940031,3.9876923076923076,13.956923076923077,35.11111111106402,29.999999999972715,77.4444444444403
215,Hamilton,MLII,3363,3360,3360,0,3,0.9991079393398751,1.0,0.9995537706381079,0.0,5.981538461538461,63.333333333503106,2.5555555555172305,66.22222222222263
217,Hamilton,MLII,2208,2203,2200,3,8,0.9963768115942029,0.9986382206082615,0.9975062344139651,5.981538461538461,15.95076923076923,37.388888888926886,17.02777777776099,67.22777777775374
219,Hamilton,MLII,2154,2135,2134,1,20,0.9907149489322191,0.9995316159250586,0.9951037537887619,1.9938461538461538,39.87692307692308,61.666666666667425,2.527777777714846,64.22222222226992
220,Hamilton,MLII,2048,2048,2046,2,2,0.9990234375,0.9990234375,0.9990234375,3.9876923076923076,3.9876923076923076,64.11111111111722,2.4444444444498004,66.55555555556347
221,Hamilton,MLII,2427,2409,2408,1,19,0.992171405026782,0.9995848899958489,0.9958643507030605,1.9938461538461538,37.88307692307692,63.88888888886868,3.2222222223481367,73.07222222223119
222,Hamilton,MLII,2483,2489,2481,8,2,0.9991945227547322,0.9967858577742065,0.99798873692679,15.95076923076923,3.9876923076923076,33.77777777780011,34.22222222209825,84.00000000006003
223,Hamilton,MLII,2605,2592,2591,1,14,0.9946257197696737,0.9996141975308642,0.9971137194535309,1.9938461538461538,27.913846153846155,70.44444444431974,15.49999999998164,81.33333333330484
228,Hamilton,MLII,2053,2058,2047,11,6,0.9970774476376035,0.9946550048590865,0.9958647531014352,21.932307692307692,11.963076923076922,33.44444444439887,4.222222222182381,65.55555555564752
230,Hamilton,MLII,2256,2256,2254,2,2,0.999113475177305,0.999113475177305,0.999113475177305,3.9876923076923076,3.9876923076923076,64.55555555555748,3.3333333333303017,69.11111111113257
231,Hamilton,MLII,1571,1610,1566,44,5,0.9968173138128581,0.9726708074534162,0.9845960389814524,87.72923076923077,9.96923076923077,64.33333333325209,5.194444444327928,111.3333333333344
232,Hamilton,MLII,1780,1785,1780,5,0,1.0,0.9971988795518207,0.9985974754558204,9.96923076923077,0.0,66.11111111124046,3.2222222223481367,69.11111111116952
233,Hamilton,MLII,3079,3062,3062,0,17,0.9944787268593699,1.0,0.9972317212180426,0.0,33.895384615384614,65.88888888882138,43.08333333324299,82.00000000010732
234,Hamilton,MLII,2753,2750,2750,0,3,0.9989102796948783,1.0,0.9994548428130111,0.0,5.981538461538461,61.77777777782012,3.6666666665041703,88.22222222222304
